baseMean,log2FoldChange,lfcSE,stat,pvalue,padj,y
1706.619722,-1.758653971,0.204939596,-8.581328376,9.38E-18,1.27E-16,1
262.7798429,1.104679493,0.205057884,5.387159343,7.16E-08,3.09E-07,1
2881.943486,1.212687228,0.392819462,3.087136319,0.002020949,0.004306827,1
228.1823609,3.7840034,0.949152586,3.986717684,6.70E-05,0.000185795,1
6866.074347,2.430582397,0.491264508,4.947604307,7.51E-07,2.82E-06,1
1895.491124,0.915327138,0.294237709,3.110842388,0.001865545,0.004001414,1
797.6767177,1.485588214,0.654230887,2.270739954,0.023162725,0.039581194,1
8.968871064,-2.714750589,0.736251031,-3.687262189,0.00022668,0.000574118,1
4258.208558,1.695897273,0.273750637,6.195044106,5.83E-10,3.29E-09,1
1641.120362,1.502856485,0.259870026,5.783108234,7.33E-09,3.61E-08,1
1856.539406,-1.607525937,0.542990171,-2.960506512,0.003071336,0.006316269,1
0.471497156,-3.060305079,1.48862441,-2.055793965,0.03980238,0.064181529,1
771.6343558,2.298456857,0.153891591,14.93555851,1.93E-50,1.97E-48,1
2905.079713,0.863721904,0.236947863,3.645198113,0.000267186,0.000667231,1
546.5018558,2.25221056,0.524323341,4.295461186,1.74E-05,5.30E-05,1
5.091657105,3.633883816,1.240361993,2.929696199,0.003392935,0.006915561,1
935.4375237,2.002694476,0.324105167,6.179150098,6.44E-10,3.61E-09,1
543.2362675,5.109146912,1.111745612,4.595607897,4.31E-06,1.44E-05,1
320.9473593,4.976165939,0.744541372,6.683531806,2.33E-11,1.57E-10,1
0.988358814,2.701930889,1.326535535,2.03683265,0.041666815,0.06682524,1
650.3191349,4.428983799,0.951436291,4.65505031,3.24E-06,1.10E-05,1
242.462126,3.584646536,0.767810362,4.66866132,3.03E-06,1.04E-05,1
29.39391412,7.698344128,1.317828578,5.841688561,5.17E-09,2.59E-08,1
49.14217301,3.592433355,0.680265188,5.280930759,1.29E-07,5.36E-07,1
1096.77366,1.053089931,0.206064871,5.110477714,3.21E-07,1.27E-06,1
711.8147406,3.425490592,0.705253762,4.85710361,1.19E-06,4.34E-06,1
790.417317,-2.269827163,0.355945691,-6.376891809,1.81E-10,1.08E-09,1
5.64951517,4.590286288,0.845130728,5.431451176,5.59E-08,2.45E-07,1
12.60083598,-5.133917082,0.568172733,-9.035838542,1.63E-19,2.53E-18,1
121.2279846,-3.690843949,0.869102259,-4.246731512,2.17E-05,6.50E-05,1
948.5164554,2.231950802,0.231799257,9.628809134,6.04E-22,1.15E-20,1
66.21420214,-2.587069096,0.380020349,-6.80771201,9.92E-12,6.99E-11,1
5110.011008,3.819300319,0.421265271,9.066259622,1.23E-19,1.94E-18,1
0.649960824,-3.354999918,1.162417018,-2.886227461,0.003898903,0.007860093,1
2.082038739,4.013837849,1.074756272,3.734649385,0.000187977,0.000483177,1
863.9876119,1.376206333,0.267757976,5.139739822,2.75E-07,1.10E-06,1
8584.097726,1.579325484,0.53808927,2.935062215,0.003334808,0.006809484,1
11.67535226,-6.473217515,0.486125764,-13.31593178,1.87E-40,1.17E-38,1
142.7168899,4.62400372,0.846055559,5.465366512,4.62E-08,2.05E-07,1
508.3725325,-1.425321907,0.423291551,-3.367234484,0.000759261,0.001752044,1
5.421488062,-5.042623352,0.825598954,-6.107836411,1.01E-09,5.52E-09,1
11.82627816,-4.857693218,1.022237435,-4.75202047,2.01E-06,7.09E-06,1
2.588351935,4.253051585,1.433174308,2.967574539,0.003001595,0.006186681,1
11.98277089,2.097421369,0.88570627,2.368077815,0.017880775,0.031318191,1
6199.338124,2.370743524,0.259365285,9.140558348,6.21E-20,1.00E-18,1
1080.801362,1.046231944,0.139817969,7.482814623,7.27E-14,6.59E-13,1
7974.597328,3.729764984,0.377904585,9.869594411,5.64E-23,1.16E-21,1
411.9108429,-1.406128755,0.503795314,-2.791071521,0.005253386,0.010317814,1
3664.957962,1.169357839,0.275799753,4.23987993,2.24E-05,6.68E-05,1
1125.284334,2.543669624,0.304527318,8.352845458,6.66E-17,8.31E-16,1
3113.670965,0.933465869,0.145952547,6.395680567,1.60E-10,9.66E-10,1
998.5355085,1.811298371,0.267413158,6.773407807,1.26E-11,8.76E-11,1
1661.341415,-3.165334212,0.701071877,-4.51499242,6.33E-06,2.07E-05,1
36.62237401,1.739769114,0.817563094,2.127993701,0.033337606,0.054768198,1
6400.374474,-3.671612547,0.316033195,-11.61780662,3.35E-31,1.25E-29,1
9.526355923,-2.406794573,0.640456139,-3.757938174,0.000171319,0.000443016,1
2185.987094,1.56911422,0.177268781,8.851610575,8.63E-19,1.27E-17,1
583.1192441,3.422782099,0.21721339,15.75769388,6.08E-56,8.08E-54,1
34.85558428,-9.231573557,0.50883139,-18.14269666,1.47E-73,3.90E-71,1
163.7085701,3.754675178,0.667519813,5.62481458,1.86E-08,8.68E-08,1
224.7942209,3.557289232,0.350899647,10.13762558,3.76E-24,8.51E-23,1
3490.693161,-1.607503821,0.175981701,-9.134494182,6.57E-20,1.06E-18,1
1235.713022,1.605354611,0.210860355,7.613354393,2.67E-14,2.55E-13,1
47.44150173,-2.309399309,0.532495434,-4.336937301,1.44E-05,4.46E-05,1
13.65524853,6.578696373,1.045292894,6.293639241,3.10E-10,1.81E-09,1
920.5260384,-2.94220393,0.553864885,-5.312132996,1.08E-07,4.56E-07,1
3116.501109,3.622951764,0.319945212,11.32366302,1.00E-29,3.39E-28,1
330.356728,2.853785232,0.351179547,8.126285425,4.43E-16,5.10E-15,1
673.4871621,5.32383404,0.561557655,9.480476299,2.53E-21,4.61E-20,1
3117.375758,-2.76961529,0.08396948,-32.98359452,1.40E-238,1.05E-234,1
150.7895508,10.06708091,1.158695378,8.688289521,3.68E-18,5.16E-17,1
553.1284879,2.978690793,0.280271354,10.6278817,2.21E-26,5.87E-25,1
1791.402014,2.185483537,0.399012001,5.477237608,4.32E-08,1.92E-07,1
1667.660246,0.83857442,0.435682503,1.924737427,0.054262216,0.084424051,1
2325.698136,-1.518113474,0.307518687,-4.93665438,7.95E-07,2.97E-06,1
253.1403508,2.009756564,0.243145355,8.265658891,1.39E-16,1.69E-15,1
300.4228174,1.579214224,0.201122262,7.85201106,4.09E-15,4.26E-14,1
4.75637475,2.664528486,0.919961226,2.896348682,0.003775327,0.007630536,1
865.6145854,5.303827139,0.457339721,11.59712769,4.26E-31,1.57E-29,1
1263.470388,9.420776679,0.884007804,10.65689312,1.62E-26,4.33E-25,1
2813.587605,1.424043359,0.480700535,2.962433479,0.003052178,0.006280634,1
1649.279397,0.980847376,0.191207432,5.129755505,2.90E-07,1.15E-06,1
192.9240745,3.236105294,1.000885765,3.233241401,0.001223941,0.00271906,0
674.7867334,1.470151551,0.538877806,2.728172386,0.006368632,0.01228564,0
1106.364825,-3.06406568,0.380933512,-8.043570813,8.73E-16,9.80E-15,0
498.5069605,-6.679062362,0.573172805,-11.65279006,2.22E-31,8.36E-30,0
197.6221699,-11.18903603,0.44870838,-24.93609776,3.02E-137,6.00E-134,0
6.743443843,-1.894840458,0.58619561,-3.232437133,0.001227391,0.002726083,0
198.0869672,-2.83865831,0.626552446,-4.530599681,5.88E-06,1.93E-05,0
3112.821186,3.170016636,0.433920963,7.305516231,2.76E-13,2.34E-12,0
1217.806998,1.487655997,0.221570633,6.714138851,1.89E-11,1.29E-10,0
85.28391079,2.755209547,0.960061021,2.869827527,0.004106957,0.008240779,0
5528.885125,-2.788119283,0.242070208,-11.51781254,1.07E-30,3.86E-29,0
729.9619141,4.175153734,0.267122678,15.63009838,4.54E-55,5.77E-53,0
2.970022417,-3.830751092,0.895651338,-4.277056184,1.89E-05,5.72E-05,0
40.15843038,-8.968329143,0.756126406,-11.86088605,1.89E-32,7.60E-31,0
315.5807574,3.594948831,0.781448035,4.600368382,4.22E-06,1.41E-05,0
168.8533786,7.420799627,0.634646491,11.69280809,1.39E-31,5.29E-30,0
851.792829,2.824752957,0.456137513,6.192766161,5.91E-10,3.33E-09,0
184.7611154,-4.551368422,0.412246577,-11.04040319,2.44E-28,7.45E-27,0
26.68764165,-3.456878017,0.801946691,-4.310608244,1.63E-05,4.98E-05,0
71.22185039,1.76357859,0.271765375,6.489342468,8.62E-11,5.38E-10,0
774.459636,1.16211125,0.237351704,4.896157183,9.77E-07,3.61E-06,0
50.34640341,1.206452089,0.537086065,2.246291922,0.024685316,0.041924813,0
41.21551437,5.60167124,1.231488985,4.548697802,5.40E-06,1.78E-05,0
322.6985705,11.16341467,0.863302369,12.93105994,3.01E-38,1.69E-36,0
377.8341553,3.579924594,0.456121172,7.848626236,4.21E-15,4.37E-14,0
1285.034433,-2.35514163,0.823641387,-2.859426041,0.004244084,0.008488392,0
6176.817489,2.11297799,0.363487551,5.813068384,6.13E-09,3.05E-08,0
455.0560446,2.718464966,0.356023068,7.63564277,2.25E-14,2.17E-13,0
65.40232592,-2.767661467,0.317504122,-8.716930832,2.86E-18,4.05E-17,0
16.45824538,-2.895621245,0.460248722,-6.291427018,3.15E-10,1.83E-09,0
16.69344392,-4.317343041,1.214968162,-3.553461875,0.000380196,0.000925078,0
1392.86938,-1.953764579,0.21389882,-9.134059647,6.60E-20,1.06E-18,0
296.7900211,-3.296505968,0.178182022,-18.50077767,2.04E-76,6.29E-74,0
507.3288329,-3.507267266,0.42540073,-8.244619765,1.66E-16,2.00E-15,0
827.3503519,6.360391976,0.382568356,16.62550465,4.56E-62,7.78E-60,0
2056.373164,-5.871373084,0.777827611,-7.548424611,4.41E-14,4.10E-13,0
71.82909937,0.810948719,0.208341678,3.892397948,9.93E-05,0.000267795,0
2385.857221,4.503886676,0.401903711,11.20638241,3.79E-29,1.23E-27,0
5.977633559,-2.842594239,1.054905918,-2.694642424,0.007046421,0.013474659,0
4.352180732,2.571043347,0.954841592,2.692638622,0.007088906,0.013546977,0
124.1239314,2.739108474,1.127192773,2.430026647,0.015097713,0.026956833,0
33.65339956,-2.619496977,0.601201055,-4.35710642,1.32E-05,4.09E-05,0
1097.373269,2.391876974,0.192618019,12.41772177,2.09E-35,9.99E-34,0
3.455852298,-5.868910547,0.599349077,-9.792140802,1.22E-22,2.45E-21,0
1111.482158,-1.998750096,0.317109952,-6.303019141,2.92E-10,1.71E-09,0
106.3878935,1.711661914,0.201394053,8.499068797,1.91E-17,2.50E-16,0
34.77801709,2.849327047,0.258825278,11.00868922,3.47E-28,1.05E-26,0
176.2395225,-3.566569758,0.283117163,-12.59750459,2.18E-36,1.08E-34,0
2078.167627,-2.244153275,0.206088936,-10.88924673,1.30E-27,3.79E-26,0
600.5837419,3.110666672,0.390134648,7.973315597,1.54E-15,1.69E-14,0
270.9213718,0.939189301,0.170984046,5.49284758,3.96E-08,1.77E-07,0
961.4311674,-1.423893246,0.23752063,-5.99481925,2.04E-09,1.07E-08,0
1729.993808,-2.535757354,0.311573409,-8.138555097,4.00E-16,4.63E-15,0
73.70946228,1.376289932,0.453531694,3.034605853,0.002408502,0.00505874,0
6.030611129,-1.802160296,0.585485392,-3.078061929,0.002083516,0.004429908,0
919.1026842,0.810645482,0.166507621,4.868518803,1.12E-06,4.11E-06,0
949.5572866,2.82226708,0.327445787,8.619036159,6.75E-18,9.27E-17,0
232.6396257,1.206168836,0.306196949,3.939192868,8.18E-05,0.000223354,0
99.82488521,3.688823318,0.571499931,6.454634756,1.08E-10,6.69E-10,0
2390.166163,3.55002182,0.420016944,8.452091922,2.86E-17,3.67E-16,0
1042.972642,1.904809013,0.245798391,7.749477152,9.23E-15,9.28E-14,0
59.10878153,-2.631506498,0.418940215,-6.281341359,3.36E-10,1.95E-09,0
970.5529126,0.968196539,0.268465368,3.606411308,0.000310461,0.000767427,0
248.6434196,1.19461515,0.261449865,4.569193981,4.90E-06,1.63E-05,0
2.649890868,4.145674244,1.113551032,3.722931528,0.000196923,0.000504728,0
939.0272239,2.070169352,0.224762688,9.210467153,3.25E-20,5.39E-19,0
76.5172368,-7.91360374,0.795282156,-9.950686906,2.50E-23,5.29E-22,0
5.422265537,-3.94335063,0.819862505,-4.809770671,1.51E-06,5.42E-06,0
640.9350966,-2.674552445,0.967064807,-2.765639311,0.005681133,0.01107262,0
1790.615055,-5.211040586,0.675882659,-7.709978225,1.26E-14,1.24E-13,0
19.47989141,3.195012363,1.59911073,1.997993199,0.045717397,0.072514004,0
67.83523146,5.492285949,0.987169951,5.563668085,2.64E-08,1.21E-07,0
1145.509098,1.518364519,0.20833486,7.28809628,3.14E-13,2.64E-12,0
14.02442238,-2.160387732,0.481833214,-4.483683711,7.34E-06,2.37E-05,0
7996.017403,7.259103242,0.82755398,8.771757993,1.76E-18,2.53E-17,0
313.2141249,1.861477666,0.230237019,8.085049384,6.21E-16,7.07E-15,0
81.457231,2.690308787,0.74520503,3.610159187,0.000306009,0.000757018,0
1384.681869,-1.766329149,0.314930388,-5.608633585,2.04E-08,9.49E-08,0
94.2659146,-2.001500965,0.621698181,-3.219409396,0.001284549,0.002840493,0
1077.80308,1.033586071,0.165528332,6.244164129,4.26E-10,2.44E-09,0
314.6353482,-6.635205976,1.082261672,-6.130870332,8.74E-10,4.82E-09,0
182.0707804,-3.975852196,0.632176005,-6.289153911,3.19E-10,1.86E-09,0
12.46046154,2.701602353,0.392280895,6.886907796,5.70E-12,4.13E-11,0
27.48077103,-2.846851375,0.596323007,-4.774008958,1.81E-06,6.41E-06,0
2586.017815,1.261621813,0.125477817,10.05454066,8.77E-24,1.94E-22,0
18.81473779,7.069860108,1.577855202,4.480677378,7.44E-06,2.40E-05,0
14.43831601,-3.872973048,1.058422644,-3.659193302,0.00025301,0.00063473,0
8.740680296,-1.819209867,0.435171411,-4.180444349,2.91E-05,8.54E-05,0
263.0349963,-3.507931345,0.579615096,-6.052173886,1.43E-09,7.66E-09,0
224.5204561,-8.305787241,0.401770891,-20.67294426,6.07E-95,3.58E-92,0
13.90642957,-2.969595408,0.411131167,-7.222987814,5.09E-13,4.17E-12,0
1140.441169,-1.505426771,0.19753922,-7.620900662,2.52E-14,2.41E-13,0
102.8424081,-6.025217132,0.354371501,-17.00254426,7.86E-65,1.54E-62,0
35.87366367,-5.467813504,0.785068849,-6.964756667,3.29E-12,2.45E-11,0
817.3209748,0.941990739,0.218897905,4.303333745,1.68E-05,5.13E-05,0
24.24669321,-3.722123245,1.272324726,-2.925450689,0.003439577,0.00700295,0
6.00528126,-3.813756248,0.437687203,-8.713428735,2.95E-18,4.17E-17,0
48.01843467,2.082081237,0.81021633,2.569784341,0.010176184,0.018822374,0
84.79722552,-3.218261025,0.528864856,-6.085223828,1.16E-09,6.31E-09,0
46.6776466,3.197335356,0.900799101,3.549443326,0.000386047,0.000938284,0
8.0827436,5.84275154,2.669393102,2.188793976,0.028611818,0.047810119,0
975.66439,5.27514211,0.375571905,14.04562494,8.19E-45,6.23E-43,0
5.371348105,-6.209823464,0.549810036,-11.29448911,1.40E-29,4.69E-28,0
1700.348723,-2.552479801,0.347930987,-7.336166922,2.20E-13,1.89E-12,0
194.8328556,2.311654376,0.206402293,11.19975142,4.09E-29,1.33E-27,0
76.84164439,2.689103029,0.523894827,5.132906242,2.85E-07,1.14E-06,0
140.8282849,0.966059089,0.243146937,3.973149325,7.09E-05,0.000195615,0
287.7102593,1.527815108,0.290358033,5.261831722,1.43E-07,5.91E-07,0
63.78487922,4.040534068,0.932783585,4.331695085,1.48E-05,4.55E-05,0
10.43429424,-3.400276081,1.077667309,-3.155218732,0.001603778,0.003481512,0
666.9921559,-4.527775104,0.68535605,-6.60645675,3.94E-11,2.57E-10,0
1181.702885,0.874162146,0.208451866,4.193592324,2.75E-05,8.09E-05,0
32.47039875,-3.210282053,0.676995994,-4.741951326,2.12E-06,7.42E-06,0
134.0030578,-3.499481473,0.744189634,-4.702405563,2.57E-06,8.91E-06,0
112.5697788,3.824745294,0.897893832,4.259685455,2.05E-05,6.15E-05,0
90.95226907,-3.796553053,0.659606383,-5.755785797,8.62E-09,4.21E-08,0
14.97492105,-5.161974242,0.400263246,-12.89644825,4.71E-38,2.62E-36,0
70.13362577,3.442604485,0.736646114,4.673349144,2.96E-06,1.02E-05,0
1954.608216,1.520780228,0.320120852,4.750644067,2.03E-06,7.14E-06,0
34.07906587,1.643654159,0.356105347,4.615640215,3.92E-06,1.32E-05,0
26.52392546,1.168264765,0.255023546,4.581007452,4.63E-06,1.54E-05,0
69.05089022,-2.045397365,0.452823045,-4.516990443,6.27E-06,2.05E-05,0
18.85655773,2.337808035,0.563670837,4.147470267,3.36E-05,9.77E-05,0
50.91256636,-1.937802772,0.381321443,-5.081809074,3.74E-07,1.47E-06,0
375.2158616,1.549268681,0.335114374,4.623104231,3.78E-06,1.28E-05,0
101.1786905,-2.451601788,0.560710072,-4.372316301,1.23E-05,3.83E-05,0
58.64055687,6.950673923,0.828871001,8.385712512,5.04E-17,6.35E-16,0
619.9029446,1.367274614,0.198037476,6.904120594,5.05E-12,3.68E-11,0
1412.441327,0.857248083,0.213850228,4.008637681,6.11E-05,0.000170457,0
578.0323739,2.354247685,0.464763296,5.065476778,4.07E-07,1.59E-06,0
131.8029383,7.631140539,1.180070677,6.466680929,1.00E-10,6.21E-10,0
6.309359155,1.785418925,0.700668618,2.548164538,0.010829138,0.019903269,0
3079.801377,-1.716261962,0.267840026,-6.407787459,1.48E-10,8.96E-10,0
3442.112366,3.1699479,0.516772967,6.134120987,8.56E-10,4.73E-09,0
7.057525759,-2.387089444,0.835601388,-2.856732262,0.004280267,0.008552148,0
1430.211157,0.823839828,0.194008946,4.246401241,2.17E-05,6.51E-05,0
99.59047474,-3.784357185,0.667121811,-5.672662957,1.41E-08,6.66E-08,0
5.218053767,-6.130431299,0.57985484,-10.57235514,4.00E-26,1.05E-24,0
203.2851605,2.749426603,0.657351279,4.182583483,2.88E-05,8.46E-05,0
479.7403876,3.51871633,0.361880876,9.723410553,2.40E-22,4.73E-21,0
516.9456546,-1.714581219,0.462597129,-3.706424259,0.000210206,0.000535361,0
58.92629181,-1.70528335,0.627054422,-2.719514113,0.006537791,0.012584296,0
39.36823679,-3.556126241,0.624693224,-5.692596149,1.25E-08,5.97E-08,0
2389.670042,1.995495508,0.34468631,5.789308865,7.07E-09,3.48E-08,0
733.5428798,2.078271874,0.258762048,8.03159463,9.62E-16,1.07E-14,0
2245.320055,-4.482923081,0.407588492,-10.9986498,3.88E-28,1.17E-26,0
708.6728879,1.762362872,0.836273833,2.107399277,0.035082984,0.057288846,0
14.00301157,-3.451849782,0.47063832,-7.33440019,2.23E-13,1.91E-12,0
164.88846,6.341916985,1.099132969,5.769926991,7.93E-09,3.88E-08,0
97.34588268,0.855581992,0.179827169,4.7578016,1.96E-06,6.90E-06,0
486.109154,-1.463478255,0.528946458,-2.766779571,0.005661302,0.011036248,0
131.0320587,1.143226355,0.213465129,5.355564921,8.53E-08,3.64E-07,0
3645.155675,-1.799917128,0.219380273,-8.204553239,2.31E-16,2.75E-15,0
914.5500439,1.387533712,0.500124173,2.774378419,0.00553073,0.010804037,0
460.9122047,1.354137927,0.171032532,7.917429006,2.42E-15,2.59E-14,0
194.480131,5.255241041,0.916506361,5.733992978,9.81E-09,4.74E-08,0
396.0001481,1.358010683,0.29168289,4.655777657,3.23E-06,1.10E-05,0
433.6329507,-1.513092241,0.402873104,-3.755753922,0.00017282,0.000446714,0
4813.345415,0.963068813,0.223175601,4.315296149,1.59E-05,4.88E-05,0
4033.73309,-1.898832804,0.235620897,-8.058847198,7.70E-16,8.70E-15,0
98.3703398,1.610192823,0.62789486,2.564430647,0.010334523,0.019088109,0
88.80498833,2.60467578,0.719783622,3.618692758,0.000296095,0.000734128,0
578.7575793,1.608766363,0.245855245,6.54355111,6.01E-11,3.82E-10,0
1091.636371,8.340349172,0.442190595,18.86143501,2.37E-79,8.05E-77,0
575.5782192,-5.214801767,0.968206389,-5.386043537,7.20E-08,3.11E-07,0
795.9538318,-1.788160321,0.187952458,-9.513896996,1.84E-21,3.38E-20,0
41.39829511,-3.6005955,0.506104773,-7.114328285,1.12E-12,8.89E-12,0
353.8915365,0.964229248,0.186937304,5.158035501,2.50E-07,1.00E-06,0
1273.352581,0.917316465,0.117039889,7.837639593,4.59E-15,4.75E-14,0
414.4541023,6.696155062,0.425506499,15.73690432,8.45E-56,1.11E-53,0
296.3514506,4.582311479,0.430937217,10.63336213,2.08E-26,5.54E-25,0
895.7650496,2.001590197,0.232495704,8.609149162,7.36E-18,1.01E-16,0
9.475585587,1.958657213,0.858780877,2.280741532,0.022563746,0.038648661,0
133.187764,0.895808015,0.310925612,2.881100752,0.003962889,0.007980135,0
16.08619478,1.243978688,0.576477143,2.157897675,0.030935788,0.051221618,0
226.3512908,-4.337631943,0.680847402,-6.370931181,1.88E-10,1.13E-09,0
619.8176172,1.544467108,0.424540903,3.637970091,0.000274795,0.000684783,0
5.843254839,-2.572361679,0.703389641,-3.657093495,0.000255091,0.000639525,0
320.8914978,-7.841911252,0.544138354,-14.41161278,4.37E-47,3.77E-45,0
263.8830623,-1.680538665,0.317936352,-5.285770729,1.25E-07,5.22E-07,0
2303.449181,1.537585038,0.216247367,7.110306415,1.16E-12,9.14E-12,0
1707.344277,2.567631732,0.454320496,5.651586832,1.59E-08,7.49E-08,0
261.5329888,-2.337338109,0.659257585,-3.545409506,0.000392004,0.000951537,0
18.98581968,3.110492949,0.747733973,4.159892501,3.18E-05,9.29E-05,0
26.73161537,-2.175458533,0.743195034,-2.927170437,0.003420614,0.006967349,0
768.3939459,0.925591056,0.252817959,3.661096945,0.000251138,0.000630619,0
49.68702281,8.464308104,2.022969968,4.184099733,2.86E-05,8.41E-05,0
1842.644608,-1.46474457,0.156227139,-9.37573702,6.87E-21,1.20E-19,0
60.18905686,-4.61277047,0.587866316,-7.846631705,4.27E-15,4.44E-14,0
35.77450945,-2.399850723,0.422257199,-5.68338617,1.32E-08,6.28E-08,0
939.8007316,-2.0349411,0.219000291,-9.291956148,1.51E-20,2.57E-19,0
5779.9028,2.931082951,0.285686121,10.25980168,1.07E-24,2.51E-23,0
53.45484506,-1.462840695,0.300764112,-4.863747497,1.15E-06,4.21E-06,0
1369.011952,3.6375841,0.277927949,13.08822705,3.84E-39,2.27E-37,0
38.42737546,1.768401589,0.338956017,5.217200754,1.82E-07,7.42E-07,0
5.405628267,-1.813949689,0.535919474,-3.384743,0.000712449,0.001651599,0
67.0852486,-2.774227021,0.671595229,-4.130802161,3.61E-05,0.000104559,0
25.56262292,-1.425625631,0.410236371,-3.47513222,0.000510602,0.001214493,0
86.71043586,-9.835324236,0.580648747,-16.93850936,2.34E-64,4.39E-62,0
29.66362442,-2.039635013,0.581972098,-3.504695535,0.00045713,0.001096571,0
632.3017731,1.805625183,0.146954896,12.28693451,1.06E-34,4.88E-33,0
1468.575461,1.056552172,0.151321828,6.982153093,2.91E-12,2.18E-11,0
85.63370005,7.82157015,0.826962661,9.458190216,3.13E-21,5.66E-20,0
629.2637225,3.248102561,0.567374926,5.724790453,1.04E-08,4.99E-08,0
341.6444007,0.979514584,0.330955311,2.959658152,0.003079806,0.006331961,0
31.23707051,5.213315437,1.64031123,3.178247725,0.001481681,0.003238174,0
14.15818732,2.20908931,0.416170737,5.308132248,1.11E-07,4.66E-07,0
205.5742836,6.159986788,0.854793437,7.206403937,5.74E-13,4.68E-12,0
1080.791906,1.845394003,0.46368922,3.979807861,6.90E-05,0.000190662,0
2.456188916,4.118784008,1.983303139,2.076729435,0.037826538,0.061323069,0
50.06700158,-3.746460625,0.4835294,-7.748154767,9.32E-15,9.37E-14,0
411.724786,7.39228207,1.257009774,5.88084693,4.08E-09,2.07E-08,0
318.089078,1.06548627,0.234019459,4.55298151,5.29E-06,1.75E-05,0
269.6497021,5.395672927,0.42946189,12.56379914,3.34E-36,1.65E-34,0
5.153534894,5.187322495,1.058265827,4.901719739,9.50E-07,3.51E-06,0
11.0670926,-2.702640203,0.574925084,-4.700856296,2.59E-06,8.98E-06,0
88.93436029,8.582106911,1.230292673,6.975662864,3.04E-12,2.28E-11,0
1923.236763,11.2838536,0.649602489,17.37039773,1.38E-67,2.93E-65,0
3078.994675,-2.275143237,0.814944531,-2.791776804,0.00524195,0.010298033,0
3.213895529,-4.992108655,0.774225014,-6.447878282,1.13E-10,6.97E-10,0
94.43328734,-2.666089545,0.520132569,-5.125788512,2.96E-07,1.18E-06,0
3.249456642,-4.152662684,0.62213712,-6.674835094,2.48E-11,1.66E-10,0
2920.128221,5.483313263,0.248659374,22.05150435,9.24E-108,8.94E-105,0
862.9733844,2.039760574,0.121706999,16.75959962,4.82E-63,8.54E-61,0
192.0069986,-3.930455119,0.331977106,-11.83953668,2.44E-32,9.72E-31,0
23.11182869,3.179021679,0.660089564,4.816045963,1.46E-06,5.26E-06,0
1666.052318,1.971195007,0.18791153,10.49001625,9.60E-26,2.45E-24,0
533.4279138,1.199557577,0.187801251,6.387378001,1.69E-10,1.02E-09,0
31.6739219,-3.117832473,0.49708032,-6.272291114,3.56E-10,2.06E-09,0
2.804372455,1.72273993,0.848767829,2.029695131,0.042387538,0.067848473,0
20.35583083,1.904877851,0.808616287,2.355725308,0.018486582,0.03229097,0
33.33698512,2.031442558,0.784161932,2.590590635,0.009581139,0.017821343,0
22.64441112,-6.141601516,0.3718186,-16.51773611,2.73E-61,4.53E-59,0
111.1942865,-2.343186226,0.600227569,-3.903829725,9.47E-05,0.000256219,0
435.2033155,0.801815824,0.217082783,3.693594727,0.000221106,0.000561033,0
14.63018917,3.090456904,1.122937687,2.752117895,0.00592112,0.011501739,0
5.278440833,5.23339233,1.750556541,2.989559154,0.002793803,0.005797019,0
5.517061719,-2.174218692,0.743234307,-2.925347593,0.003440717,0.007004634,0
3426.092107,0.859933652,0.25200101,3.412421443,0.000643885,0.001504951,0
226.3410302,-3.570058585,0.645609925,-5.529745508,3.21E-08,1.45E-07,0
47.88679213,3.690608453,1.014891081,3.636457667,0.000276413,0.000688496,0
317.7456927,2.089319222,0.687717137,3.038050253,0.002381142,0.005005732,0
826.3286824,3.522228355,0.550597407,6.397103052,1.58E-10,9.58E-10,0
272.3225779,1.161795127,0.212353887,5.471033027,4.47E-08,1.99E-07,0
53.66500397,3.631825406,0.674913543,5.381171327,7.40E-08,3.19E-07,0
555.0661885,-2.200298019,0.656532639,-3.351391671,0.000804065,0.001847748,0
431.2300895,1.583832335,0.186533913,8.490854609,2.05E-17,2.67E-16,0
4869.839525,-2.357244205,0.19653246,-11.99417242,3.81E-33,1.60E-31,0
506.3423361,-1.892178399,0.718944991,-2.631882026,0.008491334,0.015973801,0
220.6092658,-2.218294425,0.314350462,-7.056755741,1.70E-12,1.32E-11,0
4424.492572,2.478923589,0.473292318,5.237616365,1.63E-07,6.69E-07,0
79.76939029,-4.294407794,0.29218983,-14.69732124,6.71E-49,6.36E-47,0
40.05601266,-2.560199639,0.581765569,-4.400741081,1.08E-05,3.39E-05,0
289.349656,1.0881591,0.230368318,4.723562292,2.32E-06,8.09E-06,0
22.26825199,5.213665668,0.947084766,5.504962024,3.69E-08,1.66E-07,0
688.2326895,1.316212393,0.277910835,4.736095998,2.18E-06,7.63E-06,0
15.68068309,-4.401708612,0.796446402,-5.526685284,3.26E-08,1.48E-07,0
1714.863953,0.967366223,0.227829827,4.24600342,2.18E-05,6.52E-05,0
46.39626756,6.169885008,2.037349132,3.02838866,0.002458617,0.005155102,0
30.4387303,-2.159390798,0.45089693,-4.789100685,1.68E-06,5.97E-06,0
2556.679417,-2.405519283,0.224092917,-10.73447264,7.01E-27,1.92E-25,0
6.170286226,-2.661758507,0.366319607,-7.266219044,3.70E-13,3.08E-12,0
6.396033592,-6.418928885,0.556748606,-11.52931291,9.39E-31,3.39E-29,0
349.670799,2.976873126,1.042662643,2.855068364,0.004302757,0.008594352,0
1025.278875,3.081946277,0.447091257,6.893327103,5.45E-12,3.96E-11,0
21.21454206,-4.00040402,0.436658494,-9.161402035,5.12E-20,8.34E-19,0
485.1536479,-2.495609909,0.61290537,-4.071770345,4.67E-05,0.000132582,0
190.1894439,0.85255038,0.390446302,2.183527867,0.028996959,0.048359453,0
1010.892441,-4.331105343,0.72413128,-5.981105172,2.22E-09,1.16E-08,0
237.3973004,-3.163944368,0.666870094,-4.744468822,2.09E-06,7.34E-06,0
36.53109365,5.410606498,0.809100049,6.687190917,2.27E-11,1.53E-10,0
3.206181084,4.530275316,1.578101853,2.870711613,0.00409549,0.008219517,0
5.63141743,-1.902679865,0.772363851,-2.463450176,0.013760702,0.024786606,0
5.454101191,-2.901504869,0.979034644,-2.963638607,0.003040251,0.006258131,0
504.2467205,2.133925198,0.472738552,4.513964827,6.36E-06,2.07E-05,0
27.14224451,-4.529012991,0.553199607,-8.186941804,2.68E-16,3.16E-15,0
7.533377351,-3.166042501,0.836197078,-3.786239615,0.000152944,0.000398862,0
1543.410178,1.511015163,0.153330654,9.854618891,6.55E-23,1.34E-21,0
342.9619855,3.310253451,0.340740208,9.71488946,2.61E-22,5.12E-21,0
890.3400091,6.327940817,0.608276002,10.40307492,2.40E-25,5.91E-24,0
72.08988168,2.500196996,0.434447232,5.754892221,8.67E-09,4.23E-08,0
38.80721521,1.84399282,0.648568658,2.843172883,0.004466683,0.008893305,0
268.5881712,-2.844802645,0.639282252,-4.449994717,8.59E-06,2.74E-05,0
50.82172961,-1.624966599,0.573959574,-2.831151659,0.004638072,0.009208056,0
824.56501,3.145123512,0.374609104,8.395747676,4.63E-17,5.85E-16,0
8.76183577,-1.635067507,0.582179664,-2.808527346,0.004976866,0.009828437,0
178.9139075,8.043134542,1.250337739,6.432769557,1.25E-10,7.66E-10,0
508.3581526,0.960156891,0.198483899,4.837454796,1.32E-06,4.76E-06,0
18.45194062,-1.911158317,0.597379174,-3.199238274,0.001377912,0.00302778,0
1671.684917,2.606881249,0.158079297,16.49097188,4.26E-61,6.93E-59,0
9.07841034,-3.378066304,0.639611062,-5.281438212,1.28E-07,5.34E-07,0
335.9580677,-3.990445278,0.822662539,-4.850646638,1.23E-06,4.47E-06,0
546.2708165,1.490042829,0.313097114,4.759043637,1.95E-06,6.87E-06,0
41.32372877,-2.442710447,0.629498583,-3.880406587,0.000104282,0.000280367,0
6.516232486,5.558087559,1.295158428,4.291434498,1.78E-05,5.39E-05,0
4981.981045,-1.804462271,0.144158545,-12.5172065,6.01E-36,2.93E-34,0
532.5760419,1.375901652,0.497990007,2.762910163,0.005728853,0.011156406,0
26.70562552,0.890846457,0.442516267,2.013138323,0.04410008,0.07024401,0
497.5326116,1.178175332,0.185991451,6.334567135,2.38E-10,1.41E-09,0
1421.327449,1.540725609,0.239153918,6.4424017,1.18E-10,7.22E-10,0
499.4520275,1.094008614,0.138800382,7.881884756,3.22E-15,3.40E-14,0
500.2012471,-1.463002573,0.325164446,-4.499269806,6.82E-06,2.21E-05,0
1879.945746,-2.836230552,0.846384299,-3.350996178,0.000805214,0.001850051,0
401.3196362,-4.291734109,0.573275171,-7.486342208,7.08E-14,6.43E-13,0
2468.791211,2.459245543,0.260113655,9.454503829,3.25E-21,5.85E-20,0
3.085520114,4.41521994,1.597103428,2.764517227,0.00570071,0.011107332,0
3.136614646,2.578834366,1.05280648,2.44948565,0.014306041,0.025667201,0
76.71791068,3.069090735,1.093755881,2.806010727,0.005015902,0.009897757,0
189.1234205,-3.582860364,0.729902919,-4.908680692,9.17E-07,3.40E-06,0
3.307912129,-3.888861185,1.244829521,-3.124011056,0.001784038,0.003839685,0
48.57883998,-4.00116823,0.463918428,-8.624723637,6.42E-18,8.83E-17,0
6.968241694,-5.804020184,0.486359763,-11.93359447,7.91E-33,3.28E-31,0
13.15919176,-1.702776994,0.591324625,-2.879597639,0.00398183,0.008013571,0
1177.936727,0.870547802,0.26153897,3.328558654,0.000872966,0.001992492,0
6.123886828,5.46355012,1.70914141,3.196663593,0.00139027,0.0030528,0
114.6673222,3.697019143,0.874027242,4.229867179,2.34E-05,6.96E-05,0
237.8068152,1.395470609,0.258449658,5.399390422,6.69E-08,2.90E-07,0
2.239464042,-3.893863108,1.436882755,-2.70993795,0.00672958,0.0129284,0
88.49834477,-10.74605671,0.496417596,-21.64721154,6.46E-104,5.67E-101,0
173.2561637,6.12991746,0.899536911,6.814525765,9.46E-12,6.68E-11,0
29.24628062,5.921394695,0.864041104,6.853140049,7.22E-12,5.18E-11,0
11.92161977,1.486490083,0.732882866,2.02827785,0.042531898,0.068053562,0
13.32866623,-2.531890203,0.687998077,-3.680083257,0.000233158,0.000589235,0
2.193360177,-5.275692039,1.762915776,-2.99259449,0.00276617,0.005743156,0
25.6790589,-5.376020389,0.852994826,-6.302524029,2.93E-10,1.71E-09,0
788.7282449,0.868148665,0.282741995,3.070462398,0.002137276,0.004536286,0
3188.171812,2.027318746,0.504701584,4.016866224,5.90E-05,0.000165055,0
15.38062167,2.892993824,0.907744017,3.187015029,0.001437493,0.003150261,0
19.25815048,-4.190361755,0.809812385,-5.174484649,2.29E-07,9.20E-07,0
22.23772005,-2.830723697,0.405795654,-6.975736846,3.04E-12,2.28E-11,0
2171.18693,-1.767148808,0.246089138,-7.180929744,6.92E-13,5.59E-12,0
42.41544041,-4.083667743,0.461777286,-8.843370749,9.29E-19,1.37E-17,0
107.0900452,0.802983336,0.167762888,4.786418163,1.70E-06,6.04E-06,0
663.0130104,2.545920753,0.369172789,6.896284962,5.34E-12,3.88E-11,0
62.61602701,-1.497658052,0.456781386,-3.278719528,0.001042792,0.002346049,0
4.36300257,1.688200319,0.713333045,2.366636918,0.017950533,0.031433219,0
674.4063577,-2.341039795,0.919665,-2.545535379,0.010911031,0.020041091,0
277.6722181,2.368231349,0.23698388,9.993217046,1.63E-23,3.51E-22,0
4.908972917,-2.165330998,0.688554853,-3.144747273,0.001662304,0.003597177,0
81.11991413,-2.077642698,0.680572431,-3.052787042,0.002267268,0.004787949,0
508.668331,1.202392208,0.216632477,5.550378327,2.85E-08,1.30E-07,0
21.32533819,2.675590787,0.520856977,5.136901113,2.79E-07,1.11E-06,0
1958.988127,-3.08341153,0.262416429,-11.75007047,7.06E-32,2.74E-30,0
21.38282325,-3.322898488,1.025950319,-3.238849315,0.00120013,0.002670564,0
56.41707601,-8.079344241,0.443702567,-18.20891931,4.39E-74,1.20E-71,0
749.9293159,1.512072005,0.280252452,5.395392602,6.84E-08,2.96E-07,0
859.7741356,-3.72283504,0.500106758,-7.444080653,9.76E-14,8.72E-13,0
497.380558,2.767529349,0.570916038,4.847524267,1.25E-06,4.54E-06,0
29.63538494,-2.189297523,0.55118229,-3.97200266,7.13E-05,0.000196502,0
171.7787896,-1.506768039,0.608704534,-2.475368516,0.013309876,0.024027316,0
958.8336928,1.616937568,0.277542723,5.825905107,5.68E-09,2.83E-08,0
13.41519457,6.190860479,1.229266563,5.03622295,4.75E-07,1.83E-06,0
347.6311519,1.038538451,0.293602002,3.537232185,0.000404344,0.000979664,0
1096.47078,-2.66221562,0.428677023,-6.210306306,5.29E-10,3.00E-09,0
171.4783891,0.964130157,0.219597254,4.390447246,1.13E-05,3.55E-05,0
1113.660925,2.456569632,0.257073597,9.555900177,1.23E-21,2.28E-20,0
138.4340636,2.960102831,0.659212364,4.490363038,7.11E-06,2.30E-05,0
51.05092094,1.557207449,0.51690981,3.012532205,0.002590779,0.005407573,0
311.1555324,7.935034258,1.129326771,7.026340346,2.12E-12,1.62E-11,0
294.2282094,1.323350282,0.181501526,7.291124824,3.07E-13,2.59E-12,0
2323.871448,3.826337419,0.340302777,11.24392063,2.48E-29,8.16E-28,0
12.67450821,-5.937177259,0.740053813,-8.022629109,1.04E-15,1.15E-14,0
81.21320496,-4.497664263,0.405975322,-11.07866418,1.59E-28,4.93E-27,0
706.4339582,1.501928385,0.455234904,3.299238197,0.000969476,0.002194188,0
2405.366345,-1.546526768,0.213745574,-7.235362786,4.64E-13,3.82E-12,0
438.1222488,-2.727305006,0.279807629,-9.747071633,1.90E-22,3.77E-21,0
48.26319167,3.167340017,0.577845676,5.481290501,4.22E-08,1.88E-07,0
2.088634303,3.582767362,1.433877645,2.498656265,0.012466517,0.022638085,0
477.2031544,-8.390726965,0.496551809,-16.89798892,4.66E-64,8.61E-62,0
450.629517,8.137211062,0.492351982,16.52722314,2.34E-61,3.88E-59,0
32.06080763,-4.143097669,0.488802407,-8.47601732,2.33E-17,3.02E-16,0
19.52692619,-3.228329177,0.509325757,-6.338436903,2.32E-10,1.37E-09,0
4250.716968,-5.186548266,0.663110444,-7.821545132,5.22E-15,5.36E-14,0
2257.32586,1.928525039,0.270112337,7.139714749,9.35E-13,7.46E-12,0
1847.915423,-2.048973319,0.230095609,-8.904877973,5.34E-19,8.02E-18,0
1054.082501,0.994144602,0.328486175,3.026442746,0.002474497,0.005185229,0
139.4842382,-2.089845148,0.264980485,-7.886788888,3.10E-15,3.28E-14,0
2601.798584,11.06658858,1.208947551,9.153902968,5.49E-20,8.91E-19,0
53.54879042,8.571838042,1.455051339,5.891089761,3.84E-09,1.95E-08,0
301.8223583,1.412202865,0.168648151,8.373663473,5.59E-17,7.02E-16,0
13.3658033,-2.947298416,0.777647217,-3.790019883,0.000150635,0.000393412,0
255.6167662,0.809393475,0.246308934,3.286090611,0.001015883,0.002290564,0
8.266491879,4.733712812,0.961199756,4.924796105,8.44E-07,3.15E-06,0
1580.437928,1.651444217,0.29864731,5.529747513,3.21E-08,1.45E-07,0
3.898150296,-4.292977144,0.73852199,-5.812930691,6.14E-09,3.05E-08,0
43.04908958,-2.185444328,0.56556351,-3.864189057,0.000111459,0.00029809,0
10.67488322,-7.680043909,0.533504646,-14.39545835,5.53E-47,4.74E-45,0
2447.096018,-2.502588639,0.393208706,-6.36453008,1.96E-10,1.17E-09,0
2626.963217,-2.541086568,0.478500294,-5.310522477,1.09E-07,4.60E-07,0
1329.506518,1.536130303,0.272586398,5.635388682,1.75E-08,8.19E-08,0
78.38370422,1.158603868,0.343390121,3.374016308,0.0007408,0.001712376,0
32.93288139,4.117432533,0.910087971,4.524213772,6.06E-06,1.98E-05,0
59.29324387,-1.94626605,0.58750926,-3.312741062,0.000923865,0.002098762,0
9.814492233,6.127690018,1.284156949,4.771760976,1.83E-06,6.48E-06,0
709.6192775,0.810792772,0.147016341,5.514984025,3.49E-08,1.57E-07,0
513.9749687,-2.27777108,0.759385831,-2.99949115,0.00270431,0.005623694,0
43.19899884,-4.711795222,0.791492304,-5.953052476,2.63E-09,1.37E-08,0
9.718998852,-7.54808551,0.539210896,-13.99839204,1.59E-44,1.19E-42,0
4.47340297,-6.334788905,1.112046198,-5.696515949,1.22E-08,5.84E-08,0
1846.272933,0.845551302,0.321741486,2.628045618,0.0085877,0.016135775,0
146.6491107,-5.732707401,0.827921548,-6.924215726,4.38E-12,3.22E-11,0
88.88844007,2.551927901,1.091681631,2.337611834,0.019407393,0.033747828,0
15.45077239,-4.487940637,0.554607416,-8.092103541,5.86E-16,6.68E-15,0
11.82160369,-3.083737384,0.679841246,-4.535966893,5.73E-06,1.89E-05,0
348.8592935,1.214230422,0.273685782,4.436585678,9.14E-06,2.90E-05,0
563.0482358,1.145830276,0.253098678,4.527207666,5.98E-06,1.96E-05,0
9.656923946,-2.237229235,0.759312566,-2.94638774,0.003215091,0.00658427,0
226.7946409,-6.714418283,0.914241045,-7.344253815,2.07E-13,1.78E-12,0
14.42394415,-3.640416137,0.507403338,-7.17460029,7.25E-13,5.83E-12,0
478.9811514,-6.362165172,0.188693718,-33.71688919,3.27E-249,3.08E-245,0
9.224375194,-5.038014703,0.995755776,-5.059488307,4.20E-07,1.64E-06,0
149.3716086,-2.032211765,0.805824807,-2.521902711,0.011672199,0.021316734,0
1054.595461,1.452086402,0.347679955,4.176503076,2.96E-05,8.68E-05,0
287.3387241,1.074765707,0.164125851,6.548424288,5.81E-11,3.71E-10,0
23340.77689,-4.726832086,0.463674903,-10.19428065,2.10E-24,4.83E-23,0
1117.674736,1.340387845,0.273451384,4.901740936,9.50E-07,3.51E-06,0
154.6611267,0.884868651,0.278702305,3.174959932,0.001498572,0.003271196,0
173.1095783,1.228735149,0.146814646,8.369295473,5.80E-17,7.28E-16,0
9.645718718,6.080172441,1.11472763,5.454401844,4.91E-08,2.17E-07,0
423.9280024,-1.813251211,0.409632564,-4.426530925,9.58E-06,3.03E-05,0
213.6032483,0.88383816,0.355178736,2.488432079,0.012830774,0.023235802,0
187.4531279,0.837593389,0.149705447,5.594942647,2.21E-08,1.02E-07,0
706.8219545,0.836138037,0.346399036,2.413800125,0.01578712,0.028039156,0
64.08399046,8.10933929,1.462085689,5.54641862,2.92E-08,1.33E-07,0
158.8529715,-3.592107736,0.580273362,-6.190371594,6.00E-10,3.38E-09,0
58.6298898,-1.6930122,0.227803871,-7.43188511,1.07E-13,9.53E-13,0
9.239627975,-5.599293479,0.981188992,-5.706641149,1.15E-08,5.52E-08,0
14.23849329,-1.592386214,0.533150238,-2.986749515,0.002819606,0.005845853,0
37.76280796,1.811968328,0.672724795,2.693476355,0.007071116,0.013517773,0
2.017517517,-4.344274798,0.962286679,-4.514532825,6.35E-06,2.07E-05,0
105.987709,-10.69681834,0.479512062,-22.30771481,3.11E-110,3.35E-107,0
7.911827583,3.452787841,0.654800323,5.273039305,1.34E-07,5.58E-07,0
722.1310422,-6.3776451,1.074210421,-5.937053833,2.90E-09,1.50E-08,0
7.624792696,-4.950391928,0.653086487,-7.579994419,3.46E-14,3.26E-13,0
43.21264765,-2.532056595,0.493482879,-5.130991783,2.88E-07,1.15E-06,0
295.4191328,2.973411248,0.463680811,6.412625194,1.43E-10,8.69E-10,0
152.5690303,1.821592543,0.138481949,13.15400711,1.61E-39,9.74E-38,0
225.5891459,2.455359171,0.660012545,3.720170457,0.000199088,0.000509724,0
34.10853894,5.232081141,0.98828507,5.294101164,1.20E-07,5.00E-07,0
421.5570124,1.693841753,0.316636962,5.349475757,8.82E-08,3.76E-07,0
2574.439901,10.76942629,1.218466167,8.83851073,9.70E-19,1.42E-17,0
63.52533224,-2.963044766,0.835239016,-3.547541134,0.000388845,0.000944524,0
462.1734777,-1.61940267,0.203342548,-7.963914533,1.67E-15,1.82E-14,0
26.0043567,-2.245995868,0.547997429,-4.098551831,4.16E-05,0.000118945,0
3794.753568,0.992839027,0.318206702,3.120107213,0.001807852,0.003887018,0
22.03694977,-6.015825372,1.137719594,-5.287616918,1.24E-07,5.17E-07,0
670.7859613,-5.10296589,0.285549413,-17.87069301,2.00E-71,5.09E-69,0
1497.987296,1.214315488,0.176231049,6.89047415,5.56E-12,4.03E-11,0
139.9830534,-3.035417095,0.466267899,-6.510028033,7.51E-11,4.72E-10,0
87.66284239,-2.513003301,0.460931891,-5.452005713,4.98E-08,2.20E-07,0
830.6145816,-1.899723296,0.478482757,-3.970306702,7.18E-05,0.00019779,0
182.5893946,1.294163924,0.155483377,8.323487353,8.54E-17,1.06E-15,0
80.29437008,1.651663637,0.509719354,3.240339266,0.001193876,0.002658686,0
2376.648094,1.714541587,0.383073077,4.475755903,7.61E-06,2.45E-05,0
230.6254433,1.644866642,0.31748775,5.180882236,2.21E-07,8.91E-07,0
677.4903724,1.223913554,0.369806565,3.309604723,0.000934278,0.002121141,0
2295.554359,-2.620436437,0.339088888,-7.727874702,1.09E-14,1.09E-13,0
7.928088939,-2.782631198,0.592869893,-4.693493852,2.69E-06,9.28E-06,0
18.93050899,1.509268423,0.476881727,3.16486948,0.001551525,0.003377407,0
630.4119917,-2.659805228,0.41719298,-6.375479347,1.82E-10,1.09E-09,0
127.7011696,-2.048899669,0.610253616,-3.357456005,0.000786633,0.001809672,0
17.28997401,-3.162645356,0.461738844,-6.849424516,7.41E-12,5.30E-11,0
2.89772791,4.365458779,1.832453671,2.3823024,0.017204763,0.030279066,0
22.07107766,-3.047087746,0.504448132,-6.040438163,1.54E-09,8.21E-09,0
18.72901694,-1.577089372,0.584614605,-2.69765647,0.006982946,0.013364115,0
985.5382692,1.482085818,0.381020664,3.889778062,0.000100336,0.00027047,0
234.823961,1.509009855,0.161108767,9.366404353,7.50E-21,1.31E-19,0
15.62583305,-2.618741501,0.549502946,-4.76565507,1.88E-06,6.66E-06,0
1555.315722,1.695459312,0.547099067,3.098998729,0.001941759,0.004151668,0
236.9582244,-3.598409812,0.614580991,-5.855062006,4.77E-09,2.40E-08,0
938.6170598,2.950377892,0.283040376,10.42387639,1.93E-25,4.79E-24,0
7.1720762,-2.18712612,0.605270883,-3.613466603,0.00030213,0.000748354,0
11532.74922,0.932277352,0.303647774,3.070259136,0.002138731,0.004538864,0
20.84774538,7.212975493,2.036934426,3.541093616,0.000398472,0.00096643,0
7.502063148,5.705404147,1.228739979,4.643296583,3.43E-06,1.16E-05,0
3.708529687,3.917782825,1.5717225,2.492668283,0.012678723,0.022985821,0
253.8085791,2.265073659,0.647566114,3.497826105,0.000469067,0.00112275,0
952.3233944,2.256819494,0.253924893,8.887744209,6.24E-19,9.32E-18,0
17.19869191,3.308651324,0.76279582,4.337532056,1.44E-05,4.44E-05,0
757.6182577,-1.838302389,0.182976402,-10.04666378,9.50E-24,2.09E-22,0
411.3808485,1.406501555,0.280183363,5.019932451,5.17E-07,1.98E-06,0
102.5528802,2.138063479,0.39905552,5.357809562,8.42E-08,3.60E-07,0
27.16872694,1.228251957,0.605847577,2.027328331,0.042628846,0.0682029,0
304.4854032,-2.253234271,0.623312659,-3.614934239,0.000300424,0.000744225,0
304.8586163,-1.405465123,0.367065066,-3.828926406,0.000128703,0.000340398,0
322.6062082,1.226740598,0.63293106,1.938189915,0.052600057,0.082149623,0
21.29837499,7.229615551,1.311703661,5.511622607,3.56E-08,1.60E-07,0
5.137363106,-3.234904416,0.487767283,-6.632065179,3.31E-11,2.18E-10,0
31.12626337,-2.016166736,0.49999462,-4.032376859,5.52E-05,0.000155241,0
334.7783215,1.13714621,0.336317423,3.381169494,0.00072178,0.001671689,0
197.3256982,-8.566537247,1.052139155,-8.142019248,3.89E-16,4.51E-15,0
1298.657306,2.026359876,0.308992636,6.557955235,5.46E-11,3.49E-10,0
6.423500413,-1.514658097,0.445455085,-3.400248755,0.000673246,0.001567362,0
237.5723066,-3.231456409,0.550134177,-5.873942297,4.26E-09,2.15E-08,0
6.97087231,-2.070382148,0.581390606,-3.561086345,0.000369324,0.000901005,0
88.84087839,-3.23796744,0.716411363,-4.519704194,6.19E-06,2.02E-05,0
3796.121384,-1.565877304,0.140755309,-11.12481876,9.50E-29,2.99E-27,0
249.8928218,5.516007123,0.760699681,7.251228389,4.13E-13,3.43E-12,0
135.3724554,-3.538025864,0.380281176,-9.303710217,1.36E-20,2.31E-19,0
476.5129587,2.037493225,0.323877167,6.290944326,3.16E-10,1.84E-09,0
590.400136,2.207575555,0.253828032,8.697130627,3.40E-18,4.79E-17,0
22.40416953,1.154126196,0.487064044,2.369557371,0.017809392,0.031216731,0
172.5063744,1.050575086,0.135216139,7.769598323,7.87E-15,7.97E-14,0
790.3159581,5.448650978,0.629475638,8.655856788,4.89E-18,6.81E-17,0
166.1154919,-2.934242025,1.085163173,-2.703963882,0.006851774,0.013135728,0
537.2698298,0.917487298,0.298018761,3.078622618,0.002079599,0.004422826,0
12.23497744,1.789656175,0.462160614,3.872368435,0.000107783,0.000289017,0
281.6498441,1.240767376,0.167758906,7.396134165,1.40E-13,1.23E-12,0
78.15548068,3.019620488,0.729185753,4.141085415,3.46E-05,0.000100279,0
166.785649,-3.255512525,0.231678752,-14.051839,7.51E-45,5.74E-43,0
6.152815288,5.456547703,1.1736341,4.649275019,3.33E-06,1.13E-05,0
121.4975363,-1.609300839,0.434192642,-3.706421258,0.000210209,0.000535361,0
4.934228854,-2.705753148,0.889466733,-3.041994768,0.00235016,0.004945284,0
217.5959762,2.711378408,0.489609775,5.537835526,3.06E-08,1.39E-07,0
430.4752753,1.956592786,0.244594441,7.999334632,1.25E-15,1.38E-14,0
285.8803714,-1.955702679,0.174031424,-11.2376411,2.66E-29,8.75E-28,0
222.6419339,-2.169323977,0.633993712,-3.42168059,0.000622354,0.001458692,0
88.7734178,4.880992321,0.97716378,4.995060626,5.88E-07,2.24E-06,0
136.3252751,1.07008696,0.291183174,3.674961519,0.000237885,0.000600338,0
640.19709,-3.194579184,0.548978031,-5.819138475,5.92E-09,2.95E-08,0
10.82479585,-3.969749455,0.703637253,-5.641755661,1.68E-08,7.90E-08,0
435.875862,5.714668588,0.320053831,17.85533567,2.63E-71,6.65E-69,0
901.573136,0.820523146,0.352001915,2.331018985,0.019752359,0.03428449,0
399.6384513,4.135574848,0.648374048,6.378378129,1.79E-10,1.07E-09,0
20.31459569,0.915797165,0.475061145,1.927745883,0.053886742,0.083888297,0
14.95138316,1.231117593,0.40375969,3.049134482,0.002295017,0.00484113,0
204.9688612,5.216876659,0.419540865,12.43472829,1.69E-35,8.12E-34,0
689.5196649,-7.228968012,0.951962044,-7.593756554,3.11E-14,2.95E-13,0
228.536492,1.554195086,0.375558283,4.138359227,3.50E-05,0.000101369,0
749.9007756,1.406454039,0.189613582,7.417475185,1.19E-13,1.06E-12,0
25.79286302,-3.223717798,0.588429215,-5.478514181,4.29E-08,1.91E-07,0
2478.458373,1.147087491,0.206901784,5.544116013,2.95E-08,1.34E-07,0
2570.315892,1.712019648,0.260252495,6.578302547,4.76E-11,3.07E-10,0
556.0939711,1.575572142,0.230198265,6.844413614,7.68E-12,5.48E-11,0
69.10976021,-2.062757379,0.6156863,-3.350338279,0.000807129,0.001854225,0
1213.494986,-1.464356462,0.134477904,-10.88919757,1.30E-27,3.79E-26,0
389.9486791,0.95659676,0.298472073,3.204979111,0.001350723,0.002973056,0
1494.98757,1.476771116,0.250183268,5.902757311,3.57E-09,1.83E-08,0
14.39656815,5.584120053,0.851301977,6.55950556,5.40E-11,3.46E-10,0
815.2537718,1.068299865,0.248528973,4.298492256,1.72E-05,5.24E-05,0
303.4933488,3.32284502,0.32976992,10.07625261,7.04E-24,1.57E-22,0
525.5265013,2.538034343,0.153761086,16.50635028,3.30E-61,5.42E-59,0
30.02622659,-2.27395715,0.952171553,-2.388180094,0.016932042,0.029840856,0
1570.817121,1.250947018,0.536693317,2.330841428,0.019761723,0.03429601,0
624.9705462,2.888926029,0.308629747,9.36049118,7.94E-21,1.38E-19,0
988.9829383,2.09530911,0.39839158,5.259421173,1.45E-07,5.99E-07,0
84.2913248,5.982914551,0.923568715,6.478039427,9.29E-11,5.78E-10,0
21.24846015,2.401535216,0.575502891,4.172933364,3.01E-05,8.80E-05,0
157.350343,-3.10454383,0.526202075,-5.899907993,3.64E-09,1.86E-08,0
43.93964402,-1.496050548,0.425889355,-3.512768115,0.000443464,0.001066502,0
26.10543087,3.989297645,0.760467245,5.245850718,1.56E-07,6.41E-07,0
109.0247758,8.513540276,1.203179742,7.075867368,1.49E-12,1.16E-11,0
400.2309894,-1.836872431,0.309094682,-5.942750035,2.80E-09,1.45E-08,0
783.8827269,-1.725571823,0.184887011,-9.333115467,1.03E-20,1.77E-19,0
810.9284602,2.354509378,0.328579337,7.165725632,7.74E-13,6.21E-12,0
78.00016826,-2.681518311,0.347521527,-7.716121457,1.20E-14,1.19E-13,0
206.299431,5.21352475,0.64244105,8.11517998,4.85E-16,5.56E-15,0
35.26488069,2.331834131,0.384633668,6.062480552,1.34E-09,7.22E-09,0
430.0430189,-1.796863279,0.250397377,-7.17604673,7.18E-13,5.78E-12,0
535.7557787,5.977527359,0.218976526,27.29757148,4.53E-164,1.55E-160,0
8.105830209,-2.308515862,0.623420146,-3.70298566,0.000213077,0.000542191,0
273.2245259,1.372937432,0.233003484,5.892347221,3.81E-09,1.94E-08,0
1137.451183,2.741003748,0.348076101,7.874725509,3.41E-15,3.59E-14,0
441.9692881,1.212001826,0.236891945,5.116264408,3.12E-07,1.23E-06,0
7.288789294,-3.574939047,0.441550027,-8.096339785,5.66E-16,6.46E-15,0
68.96136664,-1.454945799,0.290922842,-5.001139774,5.70E-07,2.17E-06,0
6.415435461,4.362808132,0.999982445,4.362884723,1.28E-05,3.99E-05,0
1371.456507,1.121870593,0.144822836,7.746503417,9.45E-15,9.49E-14,0
25.55640333,2.503696194,0.879769925,2.845853358,0.004429259,0.008826935,0
138.6403392,0.88444102,0.382308116,2.313424652,0.020699303,0.035778341,0
100.4898181,1.298127683,0.306430981,4.236280811,2.27E-05,6.78E-05,0
93.19388489,-5.10577358,0.462607294,-11.03695002,2.53E-28,7.73E-27,0
864.0265575,2.418888069,0.438778213,5.512780708,3.53E-08,1.59E-07,0
69.91004736,-3.631135831,0.684540283,-5.304488168,1.13E-07,4.74E-07,0
495.6148148,-3.099880815,0.547404133,-5.662874337,1.49E-08,7.04E-08,0
10.2721024,6.195038353,1.317826462,4.700951554,2.59E-06,8.97E-06,0
356.7205612,1.222903286,0.380445812,3.214395442,0.001307195,0.002886171,0
207.388273,1.303912761,0.185749772,7.019727392,2.22E-12,1.69E-11,0
104.2847879,3.540510855,0.960234156,3.687132804,0.000226795,0.000574347,0
411.8520194,1.440253327,0.250958266,5.739015295,9.52E-09,4.61E-08,0
616.3470298,-1.472146814,0.178564206,-8.244355615,1.66E-16,2.01E-15,0
254.4667764,-1.727323153,0.178244415,-9.690756094,3.30E-22,6.44E-21,0
31.36696647,-1.922463014,0.659983046,-2.912897575,0.00358092,0.007271107,0
23.82699139,21.07402127,3.176365305,6.634634005,3.25E-11,2.15E-10,0
1262.793585,-1.715952237,0.272629316,-6.294085541,3.09E-10,1.80E-09,0
4.288803753,4.54912406,1.973987625,2.304535247,0.021192616,0.0365423,0
19.8398692,-2.698050259,0.560397276,-4.814531356,1.48E-06,5.30E-06,0
649.631776,-4.12883625,0.599963201,-6.881815818,5.91E-12,4.27E-11,0
70.64210481,3.568128337,0.767943254,4.646343746,3.38E-06,1.15E-05,0
367.294858,3.786386967,0.813400731,4.655008071,3.24E-06,1.10E-05,0
136.0504416,-4.462135439,1.051465063,-4.24373153,2.20E-05,6.58E-05,0
1871.05072,4.057347623,0.355504369,11.41293322,3.60E-30,1.26E-28,0
1438.298051,1.589411058,0.221112262,7.188253814,6.56E-13,5.31E-12,0
132.4410495,3.164346663,0.37831952,8.364217281,6.05E-17,7.58E-16,0
135.5622299,3.296387536,0.307751632,10.71119432,9.02E-27,2.44E-25,0
358.4633287,1.418238246,0.129486022,10.95282892,6.44E-28,1.91E-26,0
16.32116854,3.757782117,0.733314845,5.124377536,2.99E-07,1.19E-06,0
4.652856974,3.572950405,1.019862092,3.503366222,0.000459417,0.001101568,0
23.21281215,2.08903842,0.34714689,6.017736241,1.77E-09,9.38E-09,0
272.4034504,-1.727599201,0.47473673,-3.63906791,0.000273627,0.000682051,0
2.453027628,4.250028026,1.029330992,4.128922628,3.64E-05,0.000105345,0
861.6617038,12.58040179,1.12938015,11.13920923,8.08E-29,2.56E-27,0
2079.366044,1.320927729,0.311703717,4.237767013,2.26E-05,6.74E-05,0
21.37681525,-4.064945273,0.430876956,-9.434120852,3.94E-21,7.05E-20,0
57.54431965,3.695649091,0.593673778,6.225050239,4.81E-10,2.74E-09,0
1054.645091,1.413857016,0.179599349,7.872283626,3.48E-15,3.65E-14,0
474.8574686,1.135118232,0.220939389,5.137690649,2.78E-07,1.11E-06,0
757.1478387,3.949842033,0.235114769,16.79963387,2.46E-63,4.41E-61,0
87.08602082,7.782806111,1.189710781,6.541763118,6.08E-11,3.87E-10,0
1274.452529,1.629462848,0.406839308,4.005175548,6.20E-05,0.000172781,0
240.1005183,5.362038759,0.400324276,13.39423832,6.53E-41,4.19E-39,0
258.6247711,2.049125658,0.282025074,7.265757016,3.71E-13,3.09E-12,0
6.105513076,-5.780649447,0.568147535,-10.17455694,2.58E-24,5.89E-23,0
85.73841019,-8.346768884,0.393787493,-21.1961249,1.04E-99,7.38E-97,0
434.3828396,-2.92060891,0.78244636,-3.732663423,0.000189466,0.000486805,0
11.59241682,-1.884907353,0.439278037,-4.290920999,1.78E-05,5.40E-05,0
337.3761403,1.366367035,0.321994102,4.243453616,2.20E-05,6.58E-05,0
30.18455655,20.78394702,3.043350019,6.829298925,8.53E-12,6.06E-11,0
84.35382628,9.226044901,1.096979013,8.410411494,4.09E-17,5.19E-16,0
5.192915906,2.870092103,0.969991926,2.958882469,0.003087568,0.006346192,0
1340.44609,1.149393286,0.154802218,7.424914863,1.13E-13,1.00E-12,0
266.404921,-3.258555779,0.729266383,-4.468265444,7.89E-06,2.53E-05,0
24.4495417,7.069664148,0.974410501,7.25532426,4.01E-13,3.33E-12,0
1089.330267,3.812321701,0.357806729,10.65469536,1.66E-26,4.43E-25,0
1185.716349,0.862617127,0.143973344,5.991505826,2.08E-09,1.09E-08,0
38.30653699,-2.319307016,0.538902039,-4.303763672,1.68E-05,5.12E-05,0
7.022613981,2.132963873,0.665052087,3.207213263,0.001340276,0.002951611,0
15.67377492,3.635043128,0.643543661,5.648479425,1.62E-08,7.62E-08,0
1183.451458,0.972207906,0.412590904,2.356348372,0.0184556,0.032242824,0
39.62183888,-3.372679486,0.706786798,-4.771848452,1.83E-06,6.47E-06,0
25.45539986,-2.869259334,0.418153387,-6.861738832,6.80E-12,4.89E-11,0
25.17535671,1.013614996,0.430221678,2.356029571,0.018471447,0.03226752,0
6.096650327,-2.680216988,0.500183229,-5.358470322,8.39E-08,3.59E-07,0
6788.360822,1.59871947,0.330717166,4.834098845,1.34E-06,4.83E-06,0
7.607107275,2.138224723,0.810489369,2.63818972,0.008334994,0.015703561,0
15.03967759,-2.187795395,0.8305143,-2.634265772,0.008431946,0.015872368,0
1094.487786,1.207176661,0.272064796,4.43709249,9.12E-06,2.90E-05,0
449.6140377,1.70088878,0.366373822,4.642495392,3.44E-06,1.17E-05,0
12.59180921,-4.475386611,0.59295298,-7.547624785,4.43E-14,4.12E-13,0
1058.810222,1.060225962,0.197838308,5.359052925,8.37E-08,3.58E-07,0
1115.763482,2.126245739,0.27172381,7.825025484,5.08E-15,5.22E-14,0
2.615299014,4.19228576,1.620179855,2.587543443,0.009666301,0.017963203,0
1720.69976,1.243392207,0.347652099,3.576541636,0.00034817,0.000853039,0
42.07673652,0.997096891,0.299134425,3.333273625,0.000858305,0.001962352,0
2478.918148,6.068041255,0.370111643,16.39516446,2.07E-60,3.30E-58,0
76.78219466,7.615576412,1.223049806,6.226709964,4.76E-10,2.72E-09,0
6.744937669,-2.3017778,0.34900435,-6.595269664,4.24E-11,2.76E-10,0
139.9080658,-3.454568331,0.255831958,-13.50327129,1.50E-41,9.83E-40,0
43.21474394,-3.126614965,0.356149026,-8.778951327,1.65E-18,2.38E-17,0
176.6526048,0.844436171,0.167168672,5.051402033,4.39E-07,1.70E-06,0
18.45692682,5.010407762,0.87317657,5.738138123,9.57E-09,4.63E-08,0
12.11457135,1.991373672,0.793326942,2.510155105,0.012067814,0.02196376,0
323.9890171,2.762158839,0.301905308,9.149090002,5.74E-20,9.31E-19,0
26.25315665,4.614323666,0.789339996,5.845799893,5.04E-09,2.53E-08,0
642.7211848,2.135813714,0.25553747,8.358123435,6.37E-17,7.97E-16,0
2341.594194,3.260451509,0.401662419,8.117392506,4.76E-16,5.47E-15,0
236.7130636,1.773536835,0.272009511,6.520128016,7.02E-11,4.43E-10,0
169.4674312,-1.51281461,0.391603045,-3.863132905,0.000111942,0.000299234,0
1437.287579,0.806453445,0.180128818,4.477092855,7.57E-06,2.44E-05,0
446.5578103,1.932783959,0.131854303,14.65848226,1.19E-48,1.10E-46,0
99.55667581,-1.811817589,0.635950005,-2.848993749,0.004385774,0.008746282,0
100.0076279,-3.461711131,0.299386951,-11.56266537,6.37E-31,2.32E-29,0
1835.733366,1.222533948,0.236443935,5.170502473,2.33E-07,9.39E-07,0
196.2731231,-1.752883189,0.174710389,-10.03307929,1.09E-23,2.38E-22,0
3.194723398,-5.736829928,0.586001443,-9.789788056,1.25E-22,2.50E-21,0
2.625264507,-4.802643456,0.777964429,-6.173345823,6.69E-10,3.74E-09,0
3.13455202,-5.36420418,1.564931321,-3.42775693,0.00060859,0.00142874,0
233.7808497,1.052028282,0.194238338,5.416172188,6.09E-08,2.65E-07,0
12.85959938,-2.41082253,1.073713871,-2.245311898,0.024748117,0.042022015,0
28.6964568,-3.955724908,0.602357763,-6.567068856,5.13E-11,3.30E-10,0
251.0857233,1.892608409,0.54095339,3.498653385,0.000467614,0.001119727,0
11.92676414,-2.025401638,0.613391653,-3.301971307,0.000960079,0.002175137,0
1210.573467,2.098046359,0.310458525,6.757895797,1.40E-11,9.69E-11,0
3209.67757,1.449279657,0.494061692,2.933398159,0.003352736,0.006841647,0
136.4744524,0.995366888,0.18781119,5.299827375,1.16E-07,4.86E-07,0
10.77689821,-6.68253287,0.595288239,-11.22570956,3.05E-29,9.97E-28,0
66.39111042,0.905914905,0.209159831,4.331208822,1.48E-05,4.56E-05,0
128.5838784,2.818576277,0.329848762,8.545056404,1.28E-17,1.71E-16,0
14.45370331,-5.615484147,0.647809844,-8.66841435,4.38E-18,6.12E-17,0
1572.899863,1.990351804,0.336946239,5.907030781,3.48E-09,1.78E-08,0
152.1789121,2.900951303,0.301658809,9.616663646,6.80E-22,1.28E-20,0
1910.175246,1.309324615,0.274479591,4.77020754,1.84E-06,6.52E-06,0
13.31667958,3.922241344,1.301008901,3.014769032,0.00257175,0.00537142,0
1102.450011,1.510525011,0.158510901,9.529470854,1.58E-21,2.92E-20,0
348.7981088,1.04052653,0.172130142,6.04499897,1.49E-09,8.00E-09,0
25.15741468,1.864664957,0.331762557,5.620480428,1.90E-08,8.89E-08,0
21.08048376,-1.453729698,0.533514548,-2.724817354,0.006433707,0.012401665,0
64.21500932,6.88387232,1.122659966,6.131751845,8.69E-10,4.80E-09,0
24.75697645,-2.435433732,0.586094943,-4.15535701,3.25E-05,9.46E-05,0
23.35710165,-3.423133497,0.581113292,-5.890647388,3.85E-09,1.96E-08,0
9.275236527,-2.311348895,0.485789653,-4.75792121,1.96E-06,6.90E-06,0
28.75492391,1.701231113,0.489560114,3.475019846,0.000510816,0.001214926,0
323.018522,-1.847368609,0.252512156,-7.315959106,2.56E-13,2.18E-12,0
13.38883551,-1.746574738,0.488091274,-3.578377305,0.000345734,0.000847346,0
1000.133288,-1.535786601,0.164489309,-9.336695562,9.94E-21,1.71E-19,0
230.9171551,2.785361644,0.824303413,3.379049024,0.00072737,0.00168381,0
425.139839,-4.256590846,0.459215973,-9.269256948,1.87E-20,3.16E-19,0
789.2118196,0.89026464,0.232717798,3.82551162,0.000130501,0.00034474,0
56.48354413,3.032315466,0.591374258,5.127574334,2.93E-07,1.17E-06,0
31.59248335,-5.213984837,0.693756335,-7.515585192,5.67E-14,5.20E-13,0
469.8660371,0.985571486,0.288812834,3.412492,0.000643718,0.001504654,0
471.8424501,-1.422671362,0.372070394,-3.823661825,0.000131484,0.000347095,0
1198.010426,1.463488528,0.289076919,5.062626702,4.14E-07,1.61E-06,0
25.79116316,-2.160658982,0.504596474,-4.281954178,1.85E-05,5.60E-05,0
53.09375338,-2.840109734,0.6195215,-4.584360246,4.55E-06,1.52E-05,0
6.541463523,5.146136845,1.108210973,4.643643648,3.42E-06,1.16E-05,0
2.461554106,-3.399065449,0.75187079,-4.520810619,6.16E-06,2.01E-05,0
297.7899257,0.964013107,0.301184863,3.200735578,0.001370773,0.003013144,0
40.11137628,3.860519662,0.527058345,7.32465333,2.40E-13,2.05E-12,0
2528.928177,2.284136004,0.247865497,9.215223725,3.11E-20,5.16E-19,0
71.09177835,1.006783342,0.253426047,3.972690869,7.11E-05,0.000195963,0
300.5685385,1.755328502,0.335342394,5.234436598,1.65E-07,6.80E-07,0
423.8973235,4.035608711,0.465271924,8.6736562,4.18E-18,5.85E-17,0
